2006,Acura,MDX
2007,Acura,MDX
2008,Acura,MDX
2009,Acura,MDX
2010,Acura,MDX
2011,Acura,MDX
2012,Acura,MDX
2007,Acura,RDX
2008,Acura,RDX
2009,Acura,RDX
2010,Acura,RDX
2011,Acura,RDX
2012,Acura,RDX
2006,Acura,RL
2007,Acura,RL
2008,Acura,RL
2009,Acura,RL
2010,Acura,RL
2011,Acura,RL
2012,Acura,RL
2006,Acura,RSX
2006,Acura,TL
2007,Acura,TL
2008,Acura,TL
2009,Acura,TL
2010,Acura,TL
2011,Acura,TL
2012,Acura,TL
2006,Acura,TSX
2007,Acura,TSX
2008,Acura,TSX
2009,Acura,TSX
2010,Acura,TSX
2011,Acura,TSX
2012,Acura,TSX
2010,Acura,ZDX
2011,Acura,ZDX
2012,Acura,ZDX
2009,Aptera,2e
2008,Aptera,Typ-1
2009,Aptera,Typ-1
2010,Aptera,Type-1h
2006,Aston%20Martin,DB9
2007,Aston%20Martin,DB9
2008,Aston%20Martin,DB9
2009,Aston%20Martin,DB9
2010,Aston%20Martin,DB9
2011,Aston%20Martin,DB9
2012,Aston%20Martin,DB9
2006,Aston%20Martin,DB9-Volante
2008,Aston%20Martin,DBS
2009,Aston%20Martin,DBS
2010,Aston%20Martin,DBS
2011,Aston%20Martin,DBS
2012,Aston%20Martin,DBS
2010,Aston%20Martin,Rapide
2011,Aston%20Martin,Rapide
2012,Aston%20Martin,Rapide
2011,Aston%20Martin,V12-Vantage
2012,Aston%20Martin,V12-Vantage
2006,Aston%20Martin,V8-Vantage
2007,Aston%20Martin,V8-Vantage
2008,Aston%20Martin,V8-Vantage
2009,Aston%20Martin,V8-Vantage
2010,Aston%20Martin,V8-Vantage
2011,Aston%20Martin,V8-Vantage
2012,Aston%20Martin,V8-Vantage
2011,Aston%20Martin,V8-Vantage-S
2012,Aston%20Martin,V8-Vantage-S
2006,Aston%20Martin,Vanquish-S
2006,Aston%20Martin,Vantage
2007,Aston%20Martin,Vantage
2008,Aston%20Martin,Vantage
2009,Aston%20Martin,Vantage
2010,Aston%20Martin,Vantage
2011,Aston%20Martin,Vantage
2011,Aston%20Martin,Virage
2012,Aston%20Martin,Virage
2006,Audi,A3
2007,Audi,A3
2008,Audi,A3
2009,Audi,A3
2010,Audi,A3
2011,Audi,A3
2012,Audi,A3
2006,Audi,A4
2007,Audi,A4
2008,Audi,A4
2009,Audi,A4
2010,Audi,A4
2011,Audi,A4
2012,Audi,A4
2008,Audi,A5
2009,Audi,A5
2010,Audi,A5
2011,Audi,A5
2012,Audi,A5
2006,Audi,A6
2007,Audi,A6
2008,Audi,A6
2009,Audi,A6
2010,Audi,A6
2011,Audi,A6
2012,Audi,A6
2012,Audi,A7
2006,Audi,A8
2007,Audi,A8
2008,Audi,A8
2009,Audi,A8
2010,Audi,A8
2011,Audi,A8
2012,Audi,A8
2009,Audi,Q5
2010,Audi,Q5
2011,Audi,Q5
2012,Audi,Q5
2007,Audi,Q7
2008,Audi,Q7
2009,Audi,Q7
2010,Audi,Q7
2011,Audi,Q7
2012,Audi,Q7
2008,Audi,R8
2009,Audi,R8
2010,Audi,R8
2011,Audi,R8
2012,Audi,R8
2007,Audi,RS-4
2008,Audi,RS-4
2007,Audi,RS4
2008,Audi,RS4
2006,Audi,S4
2007,Audi,S4
2008,Audi,S4
2009,Audi,S4
2010,Audi,S4
2011,Audi,S4
2012,Audi,S4
2013,Audi,S4
2008,Audi,S5
2009,Audi,S5
2010,Audi,S5
2011,Audi,S5
2012,Audi,S5
2007,Audi,S6
2008,Audi,S6
2009,Audi,S6
2010,Audi,S6
2011,Audi,S6
2006,Audi,S8
2007,Audi,S8
2008,Audi,S8
2009,Audi,S8
2006,Audi,TT
2008,Audi,TT
2009,Audi,TT
2010,Audi,TT
2011,Audi,TT
2012,Audi,TT
2006,Bentley,Arnage
2007,Bentley,Arnage
2008,Bentley,Arnage
2009,Bentley,Arnage
2006,Bentley,Azure
2007,Bentley,Azure
2008,Bentley,Azure
2009,Bentley,Azure
2010,Bentley,Azure
2010,Bentley,Azure-T
2009,Bentley,Brooklands
2010,Bentley,Brooklands
2006,Bentley,Continental
2007,Bentley,Continental
2008,Bentley,Continental
2009,Bentley,Continental
2010,Bentley,Continental
2011,Bentley,Continental
2012,Bentley,Continental
2006,Bentley,Continental-Flying-Spur
2007,Bentley,Continental-Flying-Spur
2008,Bentley,Continental-Flying-Spur
2009,Bentley,Continental-Flying-Spur
2010,Bentley,Continental-Flying-Spur
2011,Bentley,Continental-Flying-Spur
2012,Bentley,Continental-Flying-Spur
2006,Bentley,Continental-GT
2007,Bentley,Continental-GT
2008,Bentley,Continental-GT
2009,Bentley,Continental-GT
2010,Bentley,Continental-GT
2012,Bentley,Continental-GT
2007,Bentley,Continental-GTC
2008,Bentley,Continental-GTC
2009,Bentley,Continental-GTC
2010,Bentley,Continental-GTC
2011,Bentley,Continental-GTC
2012,Bentley,Continental-GTC
2010,Bentley,Continental-Super
2011,Bentley,Continental-Super
2012,Bentley,Continental-Super
2011,Bentley,Mulsanne
2012,Bentley,Mulsanne
2008,BMW,1-Series
2009,BMW,1-Series
2010,BMW,1-Series
2011,BMW,1-Series
2012,BMW,1-Series
2006,BMW,3-Series
2007,BMW,3-Series
2008,BMW,3-Series
2009,BMW,3-Series
2010,BMW,3-Series
2011,BMW,3-Series
2012,BMW,3-Series
2006,BMW,325
2006,BMW,330
2006,BMW,5-Series
2007,BMW,5-Series
2008,BMW,5-Series
2009,BMW,5-Series
2010,BMW,5-Series
2011,BMW,5-Series
2012,BMW,5-Series
2006,BMW,525
2006,BMW,530
2007,BMW,530
2006,BMW,550
2006,BMW,6-Series
2007,BMW,6-Series
2008,BMW,6-Series
2009,BMW,6-Series
2010,BMW,6-Series
2012,BMW,6-Series
2006,BMW,650
2006,BMW,7-Series
2007,BMW,7-Series
2008,BMW,7-Series
2009,BMW,7-Series
2010,BMW,7-Series
2011,BMW,7-Series
2012,BMW,7-Series
2006,BMW,750
2006,BMW,760
2007,BMW,Alpina-B7
2008,BMW,Alpina-B7
2006,BMW,M-Roadster
2007,BMW,M-Roadster
2008,BMW,M-Roadster
2006,BMW,M3
2008,BMW,M3
2009,BMW,M3
2010,BMW,M3
2011,BMW,M3
2012,BMW,M3
2006,BMW,M5
2007,BMW,M5
2008,BMW,M5
2009,BMW,M5
2010,BMW,M5
2006,BMW,M6
2007,BMW,M6
2008,BMW,M6
2009,BMW,M6
2010,BMW,M6
2006,BMW,X3
2007,BMW,X3
2008,BMW,X3
2009,BMW,X3
2010,BMW,X3
2011,BMW,X3
2012,BMW,X3
2006,BMW,X5
2007,BMW,X5
2008,BMW,X5
2009,BMW,X5
2010,BMW,X5
2011,BMW,X5
2012,BMW,X5
2013,BMW,X5
2010,BMW,X5-M
2011,BMW,X5-M
2012,BMW,X5-M
2013,BMW,X5-M
2008,BMW,X6
2009,BMW,X6
2010,BMW,X6
2011,BMW,X6
2012,BMW,X6
2013,BMW,X6
2010,BMW,X6-M
2011,BMW,X6-M
2012,BMW,X6-M
2013,BMW,X6-M
2006,BMW,Z4
2008,BMW,Z4
2009,BMW,Z4
2010,BMW,Z4
2011,BMW,Z4
2012,BMW,Z4
2006,BMW,Z4-M
2007,BMW,Z4-M
2008,BMW,Z4-M
2009,BMW,Z4-M
2009,BMW,Z4-M-Roadster
2009,Bugatti,Veyron
2011,Bugatti,Veyron
2008,Buick,Enclave
2009,Buick,Enclave
2010,Buick,Enclave
2011,Buick,Enclave
2012,Buick,Enclave
2006,Buick,LaCrosse
2007,Buick,LaCrosse
2008,Buick,LaCrosse
2009,Buick,LaCrosse
2010,Buick,LaCrosse
2011,Buick,LaCrosse
2012,Buick,LaCrosse
2006,Buick,Lucerne
2007,Buick,Lucerne
2008,Buick,Lucerne
2009,Buick,Lucerne
2010,Buick,Lucerne
2011,Buick,Lucerne
2006,Buick,Rainier
2007,Buick,Rainier
2011,Buick,Regal
2012,Buick,Regal
2006,Buick,Rendezvous
2007,Buick,Rendezvous
2006,Buick,Terraza
2007,Buick,Terraza
2012,Buick,Verano
2006,Cadillac,CTS
2007,Cadillac,CTS
2008,Cadillac,CTS
2009,Cadillac,CTS
2010,Cadillac,CTS
2011,Cadillac,CTS
2012,Cadillac,CTS
2006,Cadillac,CTS-V
2007,Cadillac,CTS-V
2009,Cadillac,CTS-V
2010,Cadillac,CTS-V
2011,Cadillac,CTS-V
2012,Cadillac,CTS-V
2006,Cadillac,DTS
2007,Cadillac,DTS
2008,Cadillac,DTS
2009,Cadillac,DTS
2010,Cadillac,DTS
2011,Cadillac,DTS
2006,Cadillac,Escalade
2007,Cadillac,Escalade
2008,Cadillac,Escalade
2009,Cadillac,Escalade
2010,Cadillac,Escalade
2011,Cadillac,Escalade
2012,Cadillac,Escalade
2006,Cadillac,Escalade-ESV
2007,Cadillac,Escalade-ESV
2008,Cadillac,Escalade-ESV
2009,Cadillac,Escalade-ESV
2010,Cadillac,Escalade-ESV
2011,Cadillac,Escalade-ESV
2012,Cadillac,Escalade-ESV
2006,Cadillac,Escalade-EXT
2007,Cadillac,Escalade-EXT
2008,Cadillac,Escalade-EXT
2009,Cadillac,Escalade-EXT
2010,Cadillac,Escalade-EXT
2011,Cadillac,Escalade-EXT
2012,Cadillac,Escalade-EXT
2006,Cadillac,SRX
2007,Cadillac,SRX
2008,Cadillac,SRX
2009,Cadillac,SRX
2010,Cadillac,SRX
2011,Cadillac,SRX
2012,Cadillac,SRX
2006,Cadillac,STS
2007,Cadillac,STS
2008,Cadillac,STS
2009,Cadillac,STS
2010,Cadillac,STS
2011,Cadillac,STS
2006,Cadillac,STS-V
2008,Cadillac,STS-V
2009,Cadillac,STS-V
2006,Cadillac,XLR
2007,Cadillac,XLR
2008,Cadillac,XLR
2009,Cadillac,XLR
2006,Cadillac,XLR-V
2007,Cadillac,XLR-V
2008,Cadillac,XLR-V
2009,Cadillac,XLR-V
2006,Chevrolet,Avalanche
2007,Chevrolet,Avalanche
2008,Chevrolet,Avalanche
2009,Chevrolet,Avalanche
2010,Chevrolet,Avalanche
2011,Chevrolet,Avalanche
2012,Chevrolet,Avalanche
2006,Chevrolet,Avalanche-1500
2006,Chevrolet,Avalanche-2500
2006,Chevrolet,Aveo
2007,Chevrolet,Aveo
2008,Chevrolet,Aveo
2009,Chevrolet,Aveo
2010,Chevrolet,Aveo
2011,Chevrolet,Aveo
2010,Chevrolet,Camaro
2011,Chevrolet,Camaro
2012,Chevrolet,Camaro
2006,Chevrolet,Cobalt
2007,Chevrolet,Cobalt
2008,Chevrolet,Cobalt
2009,Chevrolet,Cobalt
2010,Chevrolet,Cobalt
2007,Chevrolet,Cobalt-SS
2008,Chevrolet,Cobalt-SS
2009,Chevrolet,Cobalt-SS
2006,Chevrolet,Colorado
2007,Chevrolet,Colorado
2008,Chevrolet,Colorado
2009,Chevrolet,Colorado
2010,Chevrolet,Colorado
2011,Chevrolet,Colorado
2012,Chevrolet,Colorado
2006,Chevrolet,Corvette
2007,Chevrolet,Corvette
2008,Chevrolet,Corvette
2009,Chevrolet,Corvette
2010,Chevrolet,Corvette
2011,Chevrolet,Corvette
2012,Chevrolet,Corvette
2011,Chevrolet,Cruze
2012,Chevrolet,Cruze
2013,Chevrolet,Cruze
2006,Chevrolet,Equinox
2007,Chevrolet,Equinox
2008,Chevrolet,Equinox
2009,Chevrolet,Equinox
2010,Chevrolet,Equinox
2011,Chevrolet,Equinox
2012,Chevrolet,Equinox
2006,Chevrolet,Express
2007,Chevrolet,Express
2008,Chevrolet,Express
2009,Chevrolet,Express
2010,Chevrolet,Express
2011,Chevrolet,Express
2012,Chevrolet,Express
2006,Chevrolet,Express-1500
2007,Chevrolet,Express-1500
2008,Chevrolet,Express-1500
2009,Chevrolet,Express-1500
2010,Chevrolet,Express-1500
2011,Chevrolet,Express-1500
2012,Chevrolet,Express-1500
2006,Chevrolet,Express-2500
2007,Chevrolet,Express-2500
2008,Chevrolet,Express-2500
2009,Chevrolet,Express-2500
2010,Chevrolet,Express-2500
2011,Chevrolet,Express-2500
2012,Chevrolet,Express-2500
2006,Chevrolet,Express-3500
2007,Chevrolet,Express-3500
2008,Chevrolet,Express-3500
2009,Chevrolet,Express-3500
2010,Chevrolet,Express-3500
2011,Chevrolet,Express-3500
2012,Chevrolet,Express-3500
2006,Chevrolet,HHR
2007,Chevrolet,HHR
2008,Chevrolet,HHR
2009,Chevrolet,HHR
2010,Chevrolet,HHR
2011,Chevrolet,HHR
2006,Chevrolet,HHR-Panel
2006,Chevrolet,Impala
2007,Chevrolet,Impala
2008,Chevrolet,Impala
2009,Chevrolet,Impala
2010,Chevrolet,Impala
2011,Chevrolet,Impala
2012,Chevrolet,Impala
2006,Chevrolet,Malibu
2007,Chevrolet,Malibu
2008,Chevrolet,Malibu
2009,Chevrolet,Malibu
2010,Chevrolet,Malibu
2011,Chevrolet,Malibu
2012,Chevrolet,Malibu
2013,Chevrolet,Malibu
2006,Chevrolet,Malibu-Maxx
2006,Chevrolet,Monte-Carlo
2007,Chevrolet,Monte-Carlo
2006,Chevrolet,Silverado
2007,Chevrolet,Silverado
2008,Chevrolet,Silverado
2009,Chevrolet,Silverado
2010,Chevrolet,Silverado
2011,Chevrolet,Silverado
2006,Chevrolet,Silverado-1500
2007,Chevrolet,Silverado-1500
2008,Chevrolet,Silverado-1500
2009,Chevrolet,Silverado-1500
2010,Chevrolet,Silverado-1500
2011,Chevrolet,Silverado-1500
2012,Chevrolet,Silverado-1500
2006,Chevrolet,Silverado-2500
2007,Chevrolet,Silverado-2500
2008,Chevrolet,Silverado-2500
2009,Chevrolet,Silverado-2500
2010,Chevrolet,Silverado-2500
2011,Chevrolet,Silverado-2500
2012,Chevrolet,Silverado-2500
2006,Chevrolet,Silverado-3500
2007,Chevrolet,Silverado-3500
2008,Chevrolet,Silverado-3500
2009,Chevrolet,Silverado-3500
2010,Chevrolet,Silverado-3500
2011,Chevrolet,Silverado-3500
2012,Chevrolet,Silverado-3500
2006,Chevrolet,Silverado-3500HD
2006,Chevrolet,Silverado-Hybrid
2012,Chevrolet,Sonic
2006,Chevrolet,SSR
2006,Chevrolet,Suburban
2007,Chevrolet,Suburban
2008,Chevrolet,Suburban
2009,Chevrolet,Suburban
2010,Chevrolet,Suburban
2011,Chevrolet,Suburban
2006,Chevrolet,Suburban-1500
2007,Chevrolet,Suburban-1500
2008,Chevrolet,Suburban-1500
2009,Chevrolet,Suburban-1500
2010,Chevrolet,Suburban-1500
2011,Chevrolet,Suburban-1500
2012,Chevrolet,Suburban-1500
2006,Chevrolet,Suburban-2500
2007,Chevrolet,Suburban-2500
2008,Chevrolet,Suburban-2500
2009,Chevrolet,Suburban-2500
2010,Chevrolet,Suburban-2500
2011,Chevrolet,Suburban-2500
2012,Chevrolet,Suburban-2500
2006,Chevrolet,Tahoe
2007,Chevrolet,Tahoe
2008,Chevrolet,Tahoe
2009,Chevrolet,Tahoe
2010,Chevrolet,Tahoe
2011,Chevrolet,Tahoe
2012,Chevrolet,Tahoe
2013,Chevrolet,Tahoe
2006,Chevrolet,Trailblazer
2007,Chevrolet,Trailblazer
2008,Chevrolet,Trailblazer
2009,Chevrolet,Trailblazer
2009,Chevrolet,Traverse
2010,Chevrolet,Traverse
2011,Chevrolet,Traverse
2012,Chevrolet,Traverse
2006,Chevrolet,Uplander
2007,Chevrolet,Uplander
2008,Chevrolet,Uplander
2011,Chevrolet,Volt
2012,Chevrolet,Volt
2011,Chrysler,200
2012,Chrysler,200
2006,Chrysler,300
2007,Chrysler,300
2008,Chrysler,300
2009,Chrysler,300
2010,Chrysler,300
2011,Chrysler,300
2012,Chrysler,300
2007,Chrysler,Aspen
2008,Chrysler,Aspen
2009,Chrysler,Aspen
2006,Chrysler,Crossfire
2007,Chrysler,Crossfire
2008,Chrysler,Crossfire
2006,Chrysler,Crossfire-Roadster
2006,Chrysler,Pacifica
2007,Chrysler,Pacifica
2008,Chrysler,Pacifica
2006,Chrysler,PT-Cruiser
2007,Chrysler,PT-Cruiser
2008,Chrysler,PT-Cruiser
2009,Chrysler,PT-Cruiser
2010,Chrysler,PT-Cruiser
2006,Chrysler,Sebring
2007,Chrysler,Sebring
2008,Chrysler,Sebring
2009,Chrysler,Sebring
2010,Chrysler,Sebring
2006,Chrysler,Town-&-Country
2007,Chrysler,Town-&-Country
2008,Chrysler,Town-&-Country
2009,Chrysler,Town-&-Country
2010,Chrysler,Town-&-Country
2011,Chrysler,Town-&-Country
2012,Chrysler,Town-&-Country
2008,Dodge,Avenger
2009,Dodge,Avenger
2010,Dodge,Avenger
2011,Dodge,Avenger
2012,Dodge,Avenger
2007,Dodge,Caliber
2008,Dodge,Caliber
2009,Dodge,Caliber
2010,Dodge,Caliber
2011,Dodge,Caliber
2012,Dodge,Caliber
2006,Dodge,Caravan
2007,Dodge,Caravan
2008,Dodge,Caravan
2009,Dodge,Caravan
2010,Dodge,Caravan
2011,Dodge,Caravan
2012,Dodge,Caravan
2008,Dodge,Challenger
2009,Dodge,Challenger
2010,Dodge,Challenger
2011,Dodge,Challenger
2012,Dodge,Challenger
2006,Dodge,Charger
2007,Dodge,Charger
2008,Dodge,Charger
2009,Dodge,Charger
2010,Dodge,Charger
2011,Dodge,Charger
2012,Dodge,Charger
2006,Dodge,Dakota
2007,Dodge,Dakota
2008,Dodge,Dakota
2009,Dodge,Dakota
2010,Dodge,Dakota
2011,Dodge,Dakota
2006,Dodge,Dakota-Club
2007,Dodge,Dakota-Club
2006,Dodge,Durango
2007,Dodge,Durango
2008,Dodge,Durango
2009,Dodge,Durango
2011,Dodge,Durango
2012,Dodge,Durango
2006,Dodge,Grand-Caravan
2007,Dodge,Grand-Caravan
2008,Dodge,Grand-Caravan
2009,Dodge,Grand-Caravan
2010,Dodge,Grand-Caravan
2011,Dodge,Grand-Caravan
2012,Dodge,Grand-Caravan
2009,Dodge,Journey
2010,Dodge,Journey
2011,Dodge,Journey
2012,Dodge,Journey
2006,Dodge,Magnum
2007,Dodge,Magnum
2008,Dodge,Magnum
2007,Dodge,Nitro
2008,Dodge,Nitro
2009,Dodge,Nitro
2010,Dodge,Nitro
2011,Dodge,Nitro
2007,Dodge,Ram
2008,Dodge,Ram
2009,Dodge,Ram
2010,Dodge,Ram
2011,Dodge,Ram
2006,Dodge,Ram-1500
2007,Dodge,Ram-1500
2008,Dodge,Ram-1500
2009,Dodge,Ram-1500
2010,Dodge,Ram-1500
2006,Dodge,Ram-2500
2007,Dodge,Ram-2500
2008,Dodge,Ram-2500
2009,Dodge,Ram-2500
2010,Dodge,Ram-2500
2006,Dodge,Ram-3500
2007,Dodge,Ram-3500
2008,Dodge,Ram-3500
2009,Dodge,Ram-3500
2010,Dodge,Ram-3500
2006,Dodge,Sprinter
2008,Dodge,Sprinter
2009,Dodge,Sprinter
2006,Dodge,Stratus
2006,Dodge,Viper
2008,Dodge,Viper
2009,Dodge,Viper
2010,Dodge,Viper
2008,Ferrari,430-Scuderia
2009,Ferrari,430-Scuderia
2010,Ferrari,458-Italia
2011,Ferrari,458-Italia
2012,Ferrari,458-Italia
2007,Ferrari,599-GTB-Fiorano
2008,Ferrari,599-GTB-Fiorano
2009,Ferrari,599-GTB-Fiorano
2010,Ferrari,599-GTB-Fiorano
2006,Ferrari,612-Scaglietti
2007,Ferrari,612-Scaglietti
2008,Ferrari,612-Scaglietti
2009,Ferrari,612-Scaglietti
2010,Ferrari,612-Scaglietti
2009,Ferrari,California
2010,Ferrari,California
2006,Ferrari,F430
2007,Ferrari,F430
2008,Ferrari,F430
2009,Ferrari,F430
2006,Ferrari,F430-Spider
2012,Ferrari,FF
2012,FIAT,500
2012,Fiat,Nuova-500
2007,Foose,Hemisfear
2013,Ford,C-MAX-Hybrid
2006,Ford,Crown-Victoria
2007,Ford,Crown-Victoria
2008,Ford,Crown-Victoria
2009,Ford,Crown-Victoria
2010,Ford,Crown-Victoria
2011,Ford,Crown-Victoria
2006,Ford,E150
2007,Ford,E150
2008,Ford,E150
2009,Ford,E150
2010,Ford,E150
2011,Ford,E150
2012,Ford,E150
2006,Ford,E250
2007,Ford,E250
2008,Ford,E250
2009,Ford,E250
2010,Ford,E250
2011,Ford,E250
2012,Ford,E250
2006,Ford,E350
2007,Ford,E350
2008,Ford,E350
2009,Ford,E350
2010,Ford,E350
2011,Ford,E350
2012,Ford,E350
2006,Ford,E-350-Super-Duty
2006,Ford,E-350-Super-Duty-Van
2007,Ford,Edge
2008,Ford,Edge
2009,Ford,Edge
2010,Ford,Edge
2011,Ford,Edge
2012,Ford,Edge
2013,Ford,Edge
2006,Ford,Escape
2007,Ford,Escape
2008,Ford,Escape
2009,Ford,Escape
2010,Ford,Escape
2011,Ford,Escape
2012,Ford,Escape
2013,Ford,Escape
2006,Ford,E-Series
2007,Ford,E-Series
2008,Ford,E-Series
2009,Ford,E-Series
2010,Ford,E-Series
2011,Ford,E-Series
2012,Ford,E-Series
2006,Ford,Expedition
2007,Ford,Expedition
2008,Ford,Expedition
2009,Ford,Expedition
2010,Ford,Expedition
2011,Ford,Expedition
2012,Ford,Expedition
2007,Ford,Expedition-EL
2008,Ford,Expedition-EL
2009,Ford,Expedition-EL
2010,Ford,Expedition-EL
2011,Ford,Expedition-EL
2012,Ford,Expedition-EL
2006,Ford,Explorer
2007,Ford,Explorer
2008,Ford,Explorer
2009,Ford,Explorer
2010,Ford,Explorer
2011,Ford,Explorer
2012,Ford,Explorer
2013,Ford,Explorer
2006,Ford,Explorer-Sport-Trac
2007,Ford,Explorer-Sport-Trac
2008,Ford,Explorer-Sport-Trac
2009,Ford,Explorer-Sport-Trac
2010,Ford,Explorer-Sport-Trac
2006,Ford,F150
2007,Ford,F150
2008,Ford,F150
2009,Ford,F150
2010,Ford,F150
2011,Ford,F150
2012,Ford,F150
2006,Ford,F250
2007,Ford,F250
2008,Ford,F250
2009,Ford,F250
2010,Ford,F250
2011,Ford,F250
2012,Ford,F250
2006,Ford,F-250-Super-Duty
2006,Ford,F350
2007,Ford,F350
2008,Ford,F350
2009,Ford,F350
2010,Ford,F350
2011,Ford,F350
2012,Ford,F350
2006,Ford,F-350-Super-Duty
2008,Ford,F450
2009,Ford,F450
2010,Ford,F450
2011,Ford,F450
2012,Ford,F450
2011,Ford,Fiesta
2012,Ford,Fiesta
2013,Ford,Fiesta
2006,Ford,Five-Hundred
2007,Ford,Five-Hundred
2009,Ford,Flex
2010,Ford,Flex
2011,Ford,Flex
2012,Ford,Flex
2013,Ford,Flex
2006,Ford,Focus
2007,Ford,Focus
2008,Ford,Focus
2009,Ford,Focus
2010,Ford,Focus
2011,Ford,Focus
2012,Ford,Focus
2013,Ford,Focus
2013,Ford,Focus-ST
2006,Ford,Freestar
2007,Ford,Freestar
2006,Ford,Freestyle
2007,Ford,Freestyle
2006,Ford,F-Series
2007,Ford,F-Series
2008,Ford,F-Series
2009,Ford,F-Series
2010,Ford,F-Series
2011,Ford,F-Series
2007,Ford,F-Series-Super-Duty
2008,Ford,F-Series-Super-Duty
2009,Ford,F-Series-Super-Duty
2010,Ford,F-Series-Super-Duty
2011,Ford,F-Series-Super-Duty
2012,Ford,F-Series-Super-Duty
2006,Ford,Fusion
2007,Ford,Fusion
2008,Ford,Fusion
2009,Ford,Fusion
2010,Ford,Fusion
2011,Ford,Fusion
2012,Ford,Fusion
2013,Ford,Fusion
2006,Ford,GT
2007,Ford,GT500
2008,Ford,GT500
2009,Ford,GT500
2006,Ford,Mustang
2007,Ford,Mustang
2008,Ford,Mustang
2009,Ford,Mustang
2010,Ford,Mustang
2011,Ford,Mustang
2012,Ford,Mustang
2013,Ford,Mustang
2006,Ford,Ranger
2007,Ford,Ranger
2008,Ford,Ranger
2009,Ford,Ranger
2010,Ford,Ranger
2011,Ford,Ranger
2006,Ford,Taurus
2007,Ford,Taurus
2008,Ford,Taurus
2009,Ford,Taurus
2010,Ford,Taurus
2011,Ford,Taurus
2012,Ford,Taurus
2013,Ford,Taurus
2008,Ford,Taurus-X
2009,Ford,Taurus-X
2006,Ford,Thunderbird
2010,Ford,Transit-Connect
2011,Ford,Transit-Connect
2012,Ford,Transit-Connect
2013,Ford,Transit-Connect
2007,GMC,Acadia
2008,GMC,Acadia
2009,GMC,Acadia
2010,GMC,Acadia
2011,GMC,Acadia
2012,GMC,Acadia
2006,GMC,Canyon
2007,GMC,Canyon
2008,GMC,Canyon
2009,GMC,Canyon
2010,GMC,Canyon
2011,GMC,Canyon
2012,GMC,Canyon
2006,GMC,Envoy
2007,GMC,Envoy
2008,GMC,Envoy
2009,GMC,Envoy
2006,GMC,Envoy-XL
2006,GMC,Savana
2007,GMC,Savana
2008,GMC,Savana
2009,GMC,Savana
2010,GMC,Savana
2011,GMC,Savana
2012,GMC,Savana
2006,GMC,Savana-1500
2007,GMC,Savana-1500
2008,GMC,Savana-1500
2009,GMC,Savana-1500
2010,GMC,Savana-1500
2011,GMC,Savana-1500
2012,GMC,Savana-1500
2006,GMC,Savana-2500
2007,GMC,Savana-2500
2008,GMC,Savana-2500
2009,GMC,Savana-2500
2010,GMC,Savana-2500
2011,GMC,Savana-2500
2012,GMC,Savana-2500
2006,GMC,Savana-3500
2007,GMC,Savana-3500
2008,GMC,Savana-3500
2009,GMC,Savana-3500
2010,GMC,Savana-3500
2011,GMC,Savana-3500
2012,GMC,Savana-3500
2006,GMC,Savana-Cargo-Van
2007,GMC,Sierra
2008,GMC,Sierra
2009,GMC,Sierra
2010,GMC,Sierra
2011,GMC,Sierra
2012,GMC,Sierra
2006,GMC,Sierra-1500
2007,GMC,Sierra-1500
2008,GMC,Sierra-1500
2009,GMC,Sierra-1500
2010,GMC,Sierra-1500
2011,GMC,Sierra-1500
2012,GMC,Sierra-1500
2013,GMC,Sierra-1500
2006,GMC,Sierra-2500
2007,GMC,Sierra-2500
2008,GMC,Sierra-2500
2009,GMC,Sierra-2500
2010,GMC,Sierra-2500
2011,GMC,Sierra-2500
2012,GMC,Sierra-2500
2006,GMC,Sierra-2500HD
2006,GMC,Sierra-3500
2007,GMC,Sierra-3500
2008,GMC,Sierra-3500
2009,GMC,Sierra-3500
2010,GMC,Sierra-3500
2011,GMC,Sierra-3500
2012,GMC,Sierra-3500
2006,GMC,Sierra-3500HD
2006,GMC,Sierra-Denali
2006,GMC,Sierra-Hybrid
2010,GMC,Terrain
2011,GMC,Terrain
2012,GMC,Terrain
2006,GMC,Yukon
2007,GMC,Yukon
2008,GMC,Yukon
2009,GMC,Yukon
2010,GMC,Yukon
2011,GMC,Yukon
2012,GMC,Yukon
2013,GMC,Yukon
2006,GMC,Yukon-Denali
2006,GMC,Yukon-XL
2006,GMC,Yukon-XL-1500
2007,GMC,Yukon-XL-1500
2008,GMC,Yukon-XL-1500
2009,GMC,Yukon-XL-1500
2010,GMC,Yukon-XL-1500
2011,GMC,Yukon-XL-1500
2012,GMC,Yukon-XL-1500
2013,GMC,Yukon-XL-1500
2006,GMC,Yukon-XL-2500
2007,GMC,Yukon-XL-2500
2008,GMC,Yukon-XL-2500
2009,GMC,Yukon-XL-2500
2010,GMC,Yukon-XL-2500
2011,GMC,Yukon-XL-2500
2012,GMC,Yukon-XL-2500
2013,GMC,Yukon-XL-2500
2006,Honda,Accord
2007,Honda,Accord
2008,Honda,Accord
2009,Honda,Accord
2010,Honda,Accord
2011,Honda,Accord
2012,Honda,Accord
2010,Honda,Accord-Crosstour
2011,Honda,Accord-Crosstour
2006,Honda,Civic
2007,Honda,Civic
2008,Honda,Civic
2009,Honda,Civic
2010,Honda,Civic
2011,Honda,Civic
2012,Honda,Civic
2006,Honda,Civic-Si
2012,Honda,Crosstour
2006,Honda,CR-V
2007,Honda,CR-V
2008,Honda,CR-V
2009,Honda,CR-V
2010,Honda,CR-V
2011,Honda,CR-V
2012,Honda,CR-V
2011,Honda,CR-Z
2012,Honda,CR-Z
2006,Honda,Element
2007,Honda,Element
2008,Honda,Element
2009,Honda,Element
2010,Honda,Element
2011,Honda,Element
2012,Honda,FCX-Clarity
2007,Honda,Fit
2008,Honda,Fit
2009,Honda,Fit
2010,Honda,Fit
2011,Honda,Fit
2012,Honda,Fit
2006,Honda,Insight
2010,Honda,Insight
2011,Honda,Insight
2012,Honda,Insight
2006,Honda,Odyssey
2007,Honda,Odyssey
2008,Honda,Odyssey
2009,Honda,Odyssey
2010,Honda,Odyssey
2011,Honda,Odyssey
2012,Honda,Odyssey
2006,Honda,Pilot
2007,Honda,Pilot
2008,Honda,Pilot
2009,Honda,Pilot
2010,Honda,Pilot
2011,Honda,Pilot
2012,Honda,Pilot
2006,Honda,Ridgeline
2007,Honda,Ridgeline
2008,Honda,Ridgeline
2009,Honda,Ridgeline
2010,Honda,Ridgeline
2011,Honda,Ridgeline
2012,Honda,Ridgeline
2006,Honda,S2000
2007,Honda,S2000
2008,Honda,S2000
2009,Honda,S2000
2006,HUMMER,H1
2006,HUMMER,H2
2007,Hummer,H2
2008,Hummer,H2
2009,Hummer,H2
2006,Hummer,H2-SUT
2006,Hummer,H2-SUV
2006,Hummer,H3
2007,Hummer,H3
2008,Hummer,H3
2009,Hummer,H3
2010,HUMMER,H3
2009,HUMMER,H3T
2010,HUMMER,H3T
2006,Hyundai,Accent
2007,Hyundai,Accent
2008,Hyundai,Accent
2009,Hyundai,Accent
2010,Hyundai,Accent
2011,Hyundai,Accent
2012,Hyundai,Accent
2013,Hyundai,Accent
2006,Hyundai,Azera
2007,Hyundai,Azera
2008,Hyundai,Azera
2009,Hyundai,Azera
2010,Hyundai,Azera
2011,Hyundai,Azera
2012,Hyundai,Azera
2006,Hyundai,Elantra
2007,Hyundai,Elantra
2008,Hyundai,Elantra
2009,Hyundai,Elantra
2010,Hyundai,Elantra
2011,Hyundai,Elantra
2012,Hyundai,Elantra
2013,Hyundai,Elantra
2007,Hyundai,Entourage
2008,Hyundai,Entourage
2009,Hyundai,Entourage
2011,Hyundai,Equus
2012,Hyundai,Equus
2013,Hyundai,Equus
2009,Hyundai,Genesis
2010,Hyundai,Genesis
2011,Hyundai,Genesis
2012,Hyundai,Genesis
2010,Hyundai,Genesis-Coupe
2011,Hyundai,Genesis-Coupe
2013,Hyundai,Genesis-Coupe
2012,Hyundai,HED-5
2006,Hyundai,Santa-Fe
2007,Hyundai,Santa-Fe
2008,Hyundai,Santa-Fe
2009,Hyundai,Santa-Fe
2010,Hyundai,Santa-Fe
2011,Hyundai,Santa-Fe
2012,Hyundai,Santa-Fe
2006,Hyundai,Sonata
2007,Hyundai,Sonata
2008,Hyundai,Sonata
2009,Hyundai,Sonata
2010,Hyundai,Sonata
2011,Hyundai,Sonata
2012,Hyundai,Sonata
2013,Hyundai,Sonata
2006,Hyundai,Tiburon
2007,Hyundai,Tiburon
2008,Hyundai,Tiburon
2009,Hyundai,Tiburon
2006,Hyundai,Tucson
2007,Hyundai,Tucson
2008,Hyundai,Tucson
2009,Hyundai,Tucson
2010,Hyundai,Tucson
2011,Hyundai,Tucson
2012,Hyundai,Tucson
2012,Hyundai,Veloster
2013,Hyundai,Veloster
2007,Hyundai,Veracruz
2008,Hyundai,Veracruz
2009,Hyundai,Veracruz
2010,Hyundai,Veracruz
2011,Hyundai,Veracruz
2012,Hyundai,Veracruz
2008,Infiniti,EX
2009,Infiniti,EX
2010,Infiniti,EX
2011,Infiniti,EX
2012,Infiniti,EX
2006,Infiniti,FX
2007,Infiniti,FX
2008,Infiniti,FX
2009,Infiniti,FX
2010,Infiniti,FX
2011,Infiniti,FX
2012,Infiniti,FX
2006,Infiniti,G
2007,Infiniti,G
2008,Infiniti,G
2009,Infiniti,G
2010,Infiniti,G
2011,Infiniti,G
2012,Infiniti,G
2011,Infiniti,G25
2012,Infiniti,G25
2006,Infiniti,G35
2007,Infiniti,G35
2008,Infiniti,G35
2008,Infiniti,G37
2009,Infiniti,G37
2010,Infiniti,G37
2011,Infiniti,G37
2012,Infiniti,G37
2011,Infiniti,IPL-G
2012,Infiniti,IPL-G
2013,Infiniti,JX
2006,Infiniti,M
2007,Infiniti,M
2008,Infiniti,M
2009,Infiniti,M
2010,Infiniti,M
2011,Infiniti,M
2012,Infiniti,M
2006,Infiniti,Q
2006,Infiniti,QX
2007,Infiniti,QX
2008,Infiniti,QX
2009,Infiniti,QX
2010,Infiniti,QX
2011,Infiniti,QX
2012,Infiniti,QX
2007,Infiniti,QX56
2008,Infiniti,QX56
2009,Infiniti,QX56
2010,Infiniti,QX56
2011,Infiniti,QX56
2012,Infiniti,QX56
2006,Isuzu,Ascender
2007,Isuzu,Ascender
2008,Isuzu,Ascender
2009,Isuzu,Ascender
2006,Isuzu,i-280
2007,Isuzu,i-290
2008,Isuzu,i-290
2006,Isuzu,i-350
2007,Isuzu,i-370
2008,Isuzu,i-370
2006,Isuzu,i-Series
2007,Isuzu,i-Series
2008,Isuzu,i-Series
2006,Jaguar,S-Type
2007,Jaguar,S-Type
2008,Jaguar,S-Type
2009,Jaguar,XF
2010,Jaguar,XF
2011,Jaguar,XF
2012,Jaguar,XF
2006,Jaguar,XJ
2007,Jaguar,XJ
2008,Jaguar,XJ
2009,Jaguar,XJ
2010,Jaguar,XJ
2011,Jaguar,XJ
2012,Jaguar,XJ
2006,Jaguar,XK
2007,Jaguar,XK
2008,Jaguar,XK
2009,Jaguar,XK
2010,Jaguar,XK
